patient_id,fname,lname,sex,contact_no,bdate,relative_contact_no,address
1,Melody,Mahony,F,7139479013,2014-10-13,3297766034,29567 Stone Corner Trail
2,Carey,Anscott,M,9582512893,1958-11-16,2085090518,7513 Reindahl Place
3,Horton,Julien,M,5062582466,1982-10-20,3277815766,26639 Bashford Trail
4,Inge,Keeffe,F,5329129245,1954-11-13,9208612861,53654 Forster Hill
5,Wes,Martinson,M,3682513652,2002-10-16,3844029316,814 Reinke Alley
6,Nil,Petren,M,4794660780,2014-11-12,2234034714,123 Barby Lane
7,Shea,Meekin,M,1405581835,2009-11-10,3308977968,16 Lighthouse Bay Lane
8,Mirna,Rabb,F,2514057735,1990-12-19,1542779683,2419 1st Hill
9,Dannel,Cicculi,M,6006721567,1997-10-17,6594109475,9 Garrison Park
10,Pennie,Stillgoe,M,7777046933,2001-12-19,1188859450,8 Merchant Road
11,Maxwell,Gronaller,M,4664771253,1982-11-10,3089987533,0815 Spaight Trail
12,Lenka,Cauldfield,F,7984038815,1985-11-10,7746706978,8 Magdeline Court
13,Lucais,Spriggen,M,4975729977,1956-10-13,2332273347,7 Ridgeway Park
14,Alfonso,Burston,M,7285450078,1964-12-10,9966014830,428 Oak Drive
15,Alleyn,Prosser,M,8954347901,1975-12-11,4041082863,91336 Anthes Parkway
16,Johan,Padgham,M,1207300453,1957-10-12,6637996497,423 Karstens Court
17,Caryl,Lukock,M,6594002757,1990-12-19,4594889187,37626 Jackson Alley
18,Malanie,Mountfort,F,6793402693,1985-11-11,6207291691,170 Mallard Trail
19,Fiona,Sellar,F,2796445907,2016-12-19,4451015645,8983 Reindahl Avenue
20,Inga,Speariett,F,6302573104,2015-10-22,6955024396,5961 Londonderry Place
21,Bartholomew,Storey,M,9664166151,1967-11-11,5928135864,74 Anhalt Way
22,Demott,Porrett,M,1433449105,1982-11-10,7622919613,6048 Barby Alley
23,Wernher,Keems,M,5344542849,1976-11-12,8955065989,711 Manitowish Park
24,Eadith,Brecher,F,7387103869,1977-12-13,9243610626,92764 Fallview Crossing
25,Bruce,Mieville,M,3548543762,1961-12-11,9489546310,184 Corry Place
26,Jeffie,Greatreax,M,9998694152,1954-10-12,4265265992,58951 Dottie Street
27,Hadlee,Depper,M,3843552511,1986-11-15,5477642447,037 Crownhardt Terrace
28,Hanna,Fieldgate,F,3103685363,1964-12-19,3034815326,47 Elgar Drive
29,Spence,MacCauley,M,2422240510,2005-12-23,1066199739,49 Bluejay Plaza
30,Jammal,Malkie,M,5812145653,1982-12-10,2512080666,53 Rowland Park
31,Juana,Butterfint,F,6027502530,2001-12-11,4352882989,52080 Dorton Drive
32,Cordell,Mixter,M,1599653296,1981-12-11,6852154885,7640 Birchwood Lane
33,Odell,Addeycott,M,4327407545,1955-12-19,2449754796,596 Buhler Crossing
34,Lind,Blower,M,7236140864,1998-12-18,1322735301,1 Sachtjen Junction
35,Ginelle,Cran,F,2857801478,2017-12-21,1842264989,03226 Erie Place
36,Delia,Danilovic,F,5041663622,2004-10-12,7436702605,37666 Coolidge Crossing
37,Ofelia,Pead,F,4025526672,1961-10-12,3561745494,75806 Corry Circle
38,Torin,Bonehill,M,2202451019,1970-10-12,6882806417,51827 Pearson Alley
39,Pascal,Fullalove,M,8816179285,2010-12-21,7471966235,43 1st Road
40,Erv,Roscoe,M,1384928978,2016-12-18,2415659246,6 Swallow Street
41,Josselyn,Inskipp,F,6573049287,1989-11-15,1489134724,0 Monica Pass
42,Shanan,Cancott,M,4571009670,1982-12-19,8422218644,614 Fremont Drive
43,Kristan,Bromont,F,3568231559,2015-12-18,3458789587,80 Buell Point
44,Gherardo,Hoodspeth,M,5078615692,2011-11-13,6393598776,4213 Golden Leaf Trail
45,Stace,Buey,F,2864643604,1988-12-16,4229610665,28741 Jackson Trail
46,Elisabeth,Benedict,F,3952117913,1985-11-15,9107178636,99673 Maple Wood Avenue
47,Cheslie,Bambrough,F,7953750558,1962-12-11,7026550933,73 Crest Line Terrace
48,Valentia,Feely,F,1887489664,2018-12-11,3094048016,424 Anhalt Parkway
49,Inglebert,Brooks,M,2358689015,2012-11-15,8258511302,56 Mayer Crossing
50,Valle,Matyugin,M,6589251808,2003-10-13,7829121333,7004 Ramsey Park
51,Dani,Baggalley,M,2801480774,2015-11-11,6167890531,43 Crownhardt Junction
52,Prudi,Colbron,F,4769925390,1996-11-12,1627404951,26837 Mesta Junction
53,Zelda,Seyfart,F,6557265258,1971-11-11,3513807836,7 Pepper Wood Center
54,Darrin,Dow,M,6941242100,2002-12-16,6772117154,1 Old Shore Pass
55,Shelba,Loxston,F,3665278398,1984-11-28,3507491877,28065 Oak Way
56,Ingrid,Ousby,F,6843131386,1970-12-18,7979716479,0 Mockingbird Terrace
57,Betsey,Pantecost,F,4872687549,1995-12-17,4418968171,238 Hoffman Lane
58,Ara,Drayton,M,1757410344,1966-11-17,4044849350,535 Main Way
59,Diannne,Ofer,F,5558524251,1969-11-10,6804942353,4643 Crowley Lane
60,Siana,Fairbrace,F,2517250800,1994-12-11,5096942961,6880 Melody Park
61,Ange,Farans,M,2538793327,2017-12-11,4367616751,854 Clove Trail
62,Lorraine,Le Conte,F,8585025061,1976-12-13,1298826111,78385 Elka Place
63,Bebe,Binks,F,1182312299,1993-10-11,4822971536,85 Sunfield Plaza
64,Margalo,Wyldes,F,9503882375,1987-12-16,4843391660,0802 South Plaza
65,Joelynn,Wolland,F,9202657002,1990-12-11,7765975929,071 Di Loreto Avenue
66,Olenka,Crucetti,F,4464142208,2012-12-11,5033340880,90 Glendale Place
67,Olenka,Szimon,F,2761321471,1969-10-24,1421421084,78 Warbler Street
68,Olly,Ratnege,F,2273278152,1956-11-11,7542850488,10618 Gina Drive
69,Elisa,Tomczykowski,F,1305628247,2017-11-25,2667175028,274 Jackson Place
70,Alfy,McIlvoray,M,7699750081,1968-12-25,7752829602,117 Manitowish Point
71,Tierney,Braundt,M,1098290638,2011-12-12,2062680377,1404 Saint Paul Lane
72,Vinnie,Antonio,M,2077935407,1951-12-19,2999603447,519 Farwell Trail
73,Fidelity,Smout,M,9416269722,1961-12-19,6339328504,25473 Johnson Avenue
74,Travers,Dreus,M,4023044661,1986-12-11,5576196143,14 Bowman Plaza
75,Winfield,Redmayne,M,9565412326,1954-11-14,3605367252,257 Ruskin Avenue
76,Whittaker,Ruggles,M,9546864630,1994-12-10,2841529854,94621 Nancy Park
77,Jasmine,Sussex,F,9903730184,1973-12-17,5671487466,35 Meadow Valley Road
78,Conant,Neal,M,6247525216,1994-12-24,3714671587,8126 Cascade Point
79,Gideon,Kalb,M,6991107570,1994-12-24,2066563182,5 Express Crossing
80,Pauly,Quilty,M,9173040838,1985-12-10,8379861143,448 Weeping Birch Terrace
81,Aldridge,Stiegers,M,9667497395,2003-12-10,3534605198,22 Shopko Street
82,Caryn,Halfpenny,F,3778532077,2003-12-10,5725117358,2641 Oak Road
83,Vasily,Rodman,M,2387025139,1971-10-11,8419013489,76 Sycamore Park
84,Lenora,Welman,F,1422455383,1994-12-24,2162197269,38232 Magdeline Park
85,Ede,Rigts,F,4225007326,1961-12-28,4762728834,3 4th Plaza
86,Lesly,Lotterington,F,6986155313,1959-12-18,6033212494,12493 Beilfuss Street
87,Bartolomeo,Krysztofowicz,M,4981414391,1973-12-11,4532771337,880 Morrow Terrace
88,Opalina,Fever,F,3126189442,2015-12-16,4205691140,8 Sage Lane
89,Rheba,Paulino,F,4137703809,2016-10-10,5623658094,8594 Farwell Hill
90,Renell,Nunan,F,6776312500,1975-12-14,5656549683,4913 Reindahl Parkway
91,Eartha,Rignold,F,3444994627,1978-10-12,7486937868,0 Corben Street
92,Bob,Healeas,M,2653067303,2015-12-10,6405513549,656 Bobwhite Plaza
93,Duke,Stoffler,M,7373981080,1990-10-12,3827730336,5900 Ramsey Trail
94,Gayleen,Scotsbrook,F,5728961763,2014-12-11,2408121900,66534 Maryland Plaza
95,Herta,Scapelhorn,F,1356132402,2006-11-12,5263197317,98240 Fisk Point
96,Gilberta,Wilmut,F,5947884843,2009-11-19,6372568291,5 Arapahoe Circle
97,Wallie,Essery,M,8884333749,1970-12-13,1628456629,00 Shasta Place
98,Roselia,Beggini,F,9852835648,1967-12-12,3689639620,321 Pond Road
99,Saunderson,Franceschi,M,5995714178,1951-12-14,8772752720,803 Old Gate Plaza
100,Kordula,Avo,F,5714267848,1960-12-12,2726825614,279 Oxford Lane
